L1 Risk,L2 Risk,L3 Risk
Operational Risk,Client Money Segregation,Client Money Segregation
Operational Risk,Client Money Segregation,Client Money Segregation
Operational Risk,Client Money Segregation,Client Money Segregation
Operational Risk,Client Money Segregation,Client Money Segregation
Operational Risk,Client Money Segregation,Client Money Segregation
Operational Risk,Client Money Segregation,Client Money Segregation
Operational Risk,Client Money Segregation,Client Money Segregation
Operational Risk,Client Money Segregation,Client Money Segregation
Operational Risk,Client Money Segregation,Client Money Segregation
Operational Risk,Client Money Segregation,Client Money Segregation
Operational Risk,Client Money Segregation,Client Money Segregation
Operational Risk,Client Money Segregation,Client Money Segregation
Operational Risk,Client Money Segregation,Client Money Segregation
Operational Risk,Client Money Segregation,Client Money Segregation
Operational Risk,Client Money Segregation,Client Money Segregation
Operational Risk,Client Money Segregation,Client Money Segregation
Operational Risk,Client Money Segregation,Client Money Segregation
Operational Risk,Client Money Segregation,Client Money Segregation
Operational Risk,Client Money Segregation,Client Money Segregation
Operational Risk,Client Money Segregation,Client Money Segregation
Operational Risk,Client Money Segregation,Client Money Segregation
Operational Risk,Client Money Segregation,Client Money Segregation
Operational Risk,Client Money Segregation,Client Money Segregation
Operational Risk,Client Money Segregation,Client Money Segregation
Operational Risk,Client Money Segregation,Client Money Segregation
Operational Risk,Client Money Segregation,Client Money Segregation
Operational Risk,Client Money Segregation,Client Money Segregation
Operational Risk,Client Money Segregation,Client Money Segregation
Operational Risk,Client Money Segregation,Client Money Segregation
Operational Risk,Client Money Segregation,Client Money Segregation
Operational Risk,Client Money Segregation,Client Money Segregation
Operational Risk,Client Money Segregation,Client Money Segregation
Operational Risk,Client Money Segregation,Client Money Segregation
Operational Risk,Client Money Segregation,Client Money Segregation
Operational Risk,Client Money Segregation,Client Money Segregation
Operational Risk,Client Money Segregation,Client Money Segregation
Operational Risk,Client Money Segregation,Client Money Segregation
Operational Risk,Client Money Segregation,Client Money Segregation
Operational Risk,Client Money Segregation,Client Money Segregation
Operational Risk,Client Money Segregation,Client Money Segregation
Operational Risk,Client Money Segregation,Client Money Segregation
Operational Risk,Client Money Segregation,Client Money Segregation
Operational Risk,Client Money Segregation,Client Money Segregation
Operational Risk,Client Money Segregation,Client Money Segregation
Operational Risk,Client Money Segregation,Client Money Segregation
Operational Risk,Client Money Segregation,Client Money Segregation
Operational Risk,Client Money Segregation,Client Money Segregation
Operational Risk,Client Money Segregation,Client Money Segregation
Operational Risk,Client Money Segregation,Client Money Segregation
Operational Risk,Client Money Segregation,Client Money Segregation
Operational Risk,Client Money Segregation,Client Money Segregation
Operational Risk,Client Money Segregation,Client Money Segregation
Operational Risk,Client Money Segregation,Client Money Segregation
Operational Risk,Client Money Segregation,Client Money Segregation
Operational Risk,Client Money Segregation,Client Money Segregation
Operational Risk,Client Money Segregation,Client Money Segregation
Operational Risk,Client Money Segregation,Client Money Segregation
Operational Risk,Client Money Segregation,Client Money Segregation
Operational Risk,Client Money Segregation,Client Money Segregation
Operational Risk,Client Money Segregation,Client Money Segregation
Operational Risk,Client Money Segregation,Client Money Segregation
Operational Risk,Data Security,Data Protection
Operational Risk,Data Security,Data Protection
Operational Risk,Data Security,Data Protection
Operational Risk,Data Security,Data Protection
Operational Risk,Data Security,Data Protection
Operational Risk,IT Tech,IT Tech Management
Operational Risk,IT Tech,IT Tech Management
Operational Risk,IT Tech,IT Tech Management
Operational Risk,IT Tech,IT Tech Management
Operational Risk,IT Tech,IT Tech Management
Operational Risk,IT Tech,IT Tech Management
Operational Risk,IT Tech,IT Tech Management
Operational Risk,IT Tech,IT Tech Management
Operational Risk,IT Tech,IT Tech Management
Operational Risk,IT Tech,IT Tech Management
Operational Risk,IT Tech,IT Tech Management
Operational Risk,IT Tech,IT Tech Management
Operational Risk,IT Tech,IT Tech Management
Operational Risk,IT Tech,IT Tech Management
Operational Risk,IT Tech,IT Tech Management
Operational Risk,IT Tech,IT Tech Management
Operational Risk,IT Tech,IT Tech Management
Operational Risk,IT Tech,IT Tech Management
Operational Risk,IT Tech,IT Tech Management
Operational Risk,IT Tech,IT Tech Management
Operational Risk,IT Tech,IT Tech Management
Operational Risk,IT Tech,IT Tech Management
Operational Risk,IT Tech,IT Tech Management
Operational Risk,IT Tech,IT Tech Management
Operational Risk,IT Tech,IT Tech Management
Operational Risk,IT Tech,IT Tech Management
Operational Risk,IT Tech,IT Tech Management
Operational Risk,IT Tech,IT Tech Management
Operational Risk,IT Tech,IT Tech Management
Operational Risk,IT Tech,IT Tech Management
Operational Risk,IT Tech,IT Tech Management
Operational Risk,IT Tech,IT Tech Management
Operational Risk,IT Tech,IT Tech Management
Operational Risk,IT Tech,IT Tech Management
Operational Risk,IT Tech,IT Tech Management
Operational Risk,IT Tech,IT Tech Management
Operational Risk,IT Tech,IT Tech Management
Operational Risk,IT Tech,IT Tech Management
Operational Risk,IT Tech,IT Tech Management
Operational Risk,IT Tech,IT Tech Management
Operational Risk,Data Security,Data Protection
Operational Risk,Data Security,Data Protection
Operational Risk,Data Security,Data Protection
Operational Risk,Information Security,Information Security
Operational Risk,Information Security,Information security
Operational Risk,Data Security,Data Protection
Operational Risk,Data Security,Data Protection
Operational Risk,Information Security,Information Security
Operational Risk,Data Security,Data Protection
Operational Risk,Information Security,Information Security
Operational Risk,Information Security,Information Security
Operational Risk,Information Security,Information Security
Operational Risk,Information Security,Information Security
Operational Risk,Information Security,Information Security
Operational Risk,Information Security,Information Security
Operational Risk,Information Security,Information Security
Operational Risk,Information Security,Information Security
Operational Risk,Information Security,Information Security
Operational Risk,Information Security,Information Security
Operational Risk,Information Security,Information Security
Operational Risk,Information Security,Information Security
Operational Risk,Information Security,Information Security
Operational Risk,Information Security,Information Security
Operational Risk,Information Security,Information Security
Operational Risk,Information Security,Information Security
Operational Risk,Information Security,Information Security
Operational Risk,Information Security,Information Security
Operational Risk,Information Security,Information Security
Operational Risk,Information Security,Information Security
Operational Risk,Information Security,Information Security
Operational Risk,Information Security,Information Security
Operational Risk,Information Security,Information Security
Operational Risk,Information Security,Information Security
Operational Risk,Information Security,Information Security
Operational Risk,Information Security,Information Security
Operational Risk,Information Security,Information Security
Operational Risk,Information Security,Information Security
Operational Risk,Information Security,Information Security
Operational Risk,Information Security,Information Security
Operational Risk,Information Security,Information Security
Operational Risk,Information Security,Information Security
Operational Risk,Information Security,Information Security
Operational Risk,Data Security,Data Protection
Operational Risk,Data Security,Data Protection
Operational Risk,Data Security,Data Protection
Operational Risk,Data Security,Data Protection
Operational Risk,Data Security,Data Protection
Operational Risk,Data Security,Data Protection
Operational Risk,Data Security,Data Protection
Operational Risk,Data Security,Data Protection
Operational Risk,Data Security,Data Protection
Operational Risk,Data Security,Data Protection
Operational Risk,Data Security,Data Protection
Operational Risk,Data Security,Data Protection
Operational Risk,Data Security,Data Protection
Operational Risk,Data Security,Data Protection
Operational Risk,Data Security,Data Protection
Operational Risk,Data Security,Data Protection
Operational Risk,Data Security,Data Protection
Operational Risk,Data Security,Data Protection
Operational Risk,Data Security,Data Protection
Operational Risk,Data Security,Data Protection
Operational Risk,Data Security,Data Protection
Operational Risk,Data Security,Data Protection
Operational Risk,Data Security,Data Protection
Operational Risk,Data Security,Data Protection
Operational Risk,Data Security,Data Protection
Operational Risk,Information Security,Information Security
Operational Risk,Information Security,Information Security
Operational Risk,Information Security,Information Security
Operational Risk,Information Security,Information Security
Operational Risk,Information Security,Information Security
Operational Risk,Information Security,Information Security
Operational Risk,Information Security,Information Security
Operational Risk,Information Security,Information Security
Operational Risk,Information Security,Information Security
Operational Risk,Information Security,Information Security
Operational Risk,Information Security,Information Security
Operational Risk,Information Security,Information Security
Operational Risk,Information Security,Information Security
Operational Risk,Information Security,Information Security
Operational Risk,Information Security,Information Security
Operational Risk,Information Security,Information Security
Operational Risk,Information Security,Information Security
Operational Risk,Information Security,Information Security
Operational Risk,Information Security,Information Security
Operational Risk,Information Security,Information Security
Operational Risk,Information Security,Information Security
Operational Risk,Information Security,Information Security
Operational Risk,Information Security,Information Security
Operational Risk,Information Security,Information Security
Operational Risk,Information Security,Information Security
Operational Risk,Information Security,Information Security
Operational Risk,Information Security,Information Security
Operational Risk,Information Security,Information Security
Operational Risk,Information Security,Information Security
Operational Risk,Information Security,Information Security
Operational Risk,Information Security,Information Security
Operational Risk,Information Security,Information Security
Operational Risk,Information Security,Information Security
Operational Risk,Information Security,Information Security
Operational Risk,Information Security,Information Security
Operational Risk,Information Security,Information Security
Operational Risk,Information Security,Information Security
Operational Risk,Information Security,Information Security
Operational Risk,Information Security,Information Security
Operational Risk,Information Security,Information Security
Operational Risk,Information Security,Information Security
Operational Risk,Information Security,Information Security
Operational Risk,Information Security,Information Security
Operational Risk,Information Security,Information Security
Operational Risk,Information Security,Information Security
Operational Risk,Information Security,Information Security
Operational Risk,Information Security,Information Security
Operational Risk,Information Security,Information Security
Operational Risk,Information Security,Information Security
Operational Risk,Information Security,Information Security
Operational Risk,Information Security,Information Security
Operational Risk,Data Security,Data Protection
Operational Risk,Data Security,Data Protection
Operational Risk,Data Security,Data Protection
Operational Risk,Data Security,Data Protection
Operational Risk,Data Security,Data Protection
Operational Risk,IT Tech,IT Tech Management
Operational Risk,IT Tech,IT Tech Management
Operational Risk,IT Tech,IT Tech Management
Operational Risk,IT Tech,Technology Change
Operational Risk,IT Tech,Technology Change
Operational Risk,IT Tech,Technology Change
Operational Risk,IT Tech,Technology Change
Operational Risk,IT Tech,Technology Change
Operational Risk,IT Tech,Technology Change
Operational Risk,IT Tech,Technology Change
Operational Risk,IT Tech,Technology Change
Operational Risk,IT Tech,Technology Change
Operational Risk,IT Tech,Technology Change
Operational Risk,IT Tech,Technology Change
Operational Risk,IT Tech,Technology Change
Operational Risk,IT Tech,Technology Change
Operational Risk,IT Tech,Technology Change
Operational Risk,IT Tech,Technology Change
Operational Risk,IT Tech,Technology Change
Operational Risk,IT Tech,Technology Change
Operational Risk,IT Tech,Technology Change
Operational Risk,IT Tech,Technology Change
Operational Risk,IT Tech,Technology Change
Operational Risk,IT Tech,Technology Change
Operational Risk,IT Tech,Technology Change
Operational Risk,IT Tech,Technology Change
Operational Risk,IT Tech,Technology Change
Operational Risk,IT Tech,Technology Change
Operational Risk,IT Tech,Technology Change
Operational Risk,IT Tech,Technology Change
Operational Risk,IT Tech,Technology Change
Operational Risk,IT Tech,Technology Change
Operational Risk,IT Tech,Technology Change
Operational Risk,IT Tech,Technology Change
Operational Risk,IT Tech,Technology Change
Operational Risk,IT Tech,Technology Change
Operational Risk,IT Tech,Technology Change
Operational Risk,IT Tech,Technology Change
Operational Risk,IT Tech,Technology Change
Operational Risk,IT Tech,Technology Change
Operational Risk,IT Tech,Technology Change
Operational Risk,IT Tech,Technology Change
Operational Risk,IT Tech,Technology Change
Operational Risk,IT Tech,Technology Change
Operational Risk,IT Tech,Technology Change
Operational Risk,IT Tech,Technology Change
Operational Risk,IT Tech,Technology Change
Operational Risk,IT Tech,Technology Change
Operational Risk,IT Tech,Technology Change
Operational Risk,Information Technlogy,IT Management
Operational Risk,Information Technlogy,IT Management
Operational Risk,Information Technlogy,IT Management
Operational Risk,Information Technlogy,IT Management
Operational Risk,Information Technlogy,IT Management
Operational Risk,Information Technlogy,IT Management
Operational Risk,Information Technlogy,IT Management
Operational Risk,Information Technlogy,IT Management
Operational Risk,Information Technlogy,IT Management
Operational Risk,Information Technlogy,IT Management
Operational Risk,Information Technlogy,IT Management
Operational Risk,Information Technlogy,IT Management
Operational Risk,Information Technlogy,IT Management
Operational Risk,Information Technlogy,IT Management
Operational Risk,Information Technlogy,IT Management
Operational Risk,Information Technlogy,IT Management
Operational Risk,Information Technlogy,IT Management
Operational Risk,Information Technlogy,IT Management
Operational Risk,Information Technlogy,IT Management
Operational Risk,Information Technlogy,IT Management
Operational Risk,Information Technlogy,IT Management
Operational Risk,Information Technlogy,IT Management
Operational Risk,Information Technlogy,IT Management
Operational Risk,Information Technlogy,IT Management
Operational Risk,Information Technlogy,IT Management
Operational Risk,Information Technlogy,IT Management
Operational Risk,Information Technlogy,IT Management
Operational Risk,Information Technlogy,IT Management
Operational Risk,Information Technlogy,IT Management
Operational Risk,Information Technlogy,IT Management
Operational Risk,Information Technlogy,IT Management
Operational Risk,Information Technlogy,IT Management
Operational Risk,Information Technlogy,IT Management
Operational Risk,Information Technlogy,IT Management
Operational Risk,Information Technlogy,IT Management
Operational Risk,Information Technlogy,IT Management
Operational Risk,Information Technlogy,IT Management
Operational Risk,Information Technlogy,IT Management
Operational Risk,Information Technlogy,IT Management
Operational Risk,Information Technlogy,IT Management
Operational Risk,Information Technlogy,IT Management
Operational Risk,Information Technlogy,IT Management
Operational Risk,Information Technlogy,IT Management
Operational Risk,Information Technlogy,IT Management
Operational Risk,Information Technlogy,IT Management
Operational Risk,Information Technlogy,IT Management
Operational Risk,Information Technlogy,IT Management
Operational Risk,Information Technlogy,IT Management
Operational Risk,Information Technlogy,IT Management
Operational Risk,Information Technlogy,IT Management
Operational Risk,Information Technlogy,IT Management
Operational Risk,Information Technlogy,IT Management
Operational Risk,Information Technlogy,IT Management
Operational Risk,Information Technlogy,IT Management
Operational Risk,Information Technlogy,IT Management
Operational Risk,Information Technlogy,IT Management
Operational Risk,Information Technlogy,IT Management
Operational Risk,Information Technlogy,IT Management
Operational Risk,Information Technlogy,IT Management
Operational Risk,Information Technlogy,IT Management
Operational Risk,Information Technlogy,IT Management
Operational Risk,Information Technlogy,IT Management
Operational Risk,Information Technlogy,IT Management
Operational Risk,Information Technlogy,IT Management
Operational Risk,Information Technlogy,IT Management
Operational Risk,Information Technlogy,IT Management
Operational Risk,Information Technlogy,IT Management
Operational Risk,Information Technlogy,IT Management
Operational Risk,Information Technlogy,IT Management
Operational Risk,Information Technlogy,IT Management
Operational Risk,Information Technlogy,IT Management
Operational Risk,Information Technlogy,IT Management
Operational Risk,Information Technlogy,IT Management
Operational Risk,Information Technlogy,IT Management
Operational Risk,Information Technlogy,IT Management
Operational Risk,Information Technlogy,IT Management
Operational Risk,Information Technlogy,IT Management
Operational Risk,Information Technlogy,IT Management
Operational Risk,Information Technlogy,IT Management
Operational Risk,Information Technlogy,IT Management
Operational Risk,Information Technlogy,IT Management
Operational Risk,Information Technlogy,IT Management
Operational Risk,Information Technlogy,IT Management
Operational Risk,Information Technlogy,IT Management
Operational Risk,Information Technlogy,IT Management
Operational Risk,Information Technlogy,IT Management
Operational Risk,Information Technlogy,IT Management
Operational Risk,Information Technlogy,IT Management
Operational Risk,Information Technlogy,IT Management
Operational Risk,Information Technlogy,IT Management
Operational Risk,Information Technlogy,IT Management
Operational Risk,Information Technlogy,IT Management
Operational Risk,Information Technlogy,IT Management
Operational Risk,Information Technlogy,IT Management
Operational Risk,Information Technlogy,IT Management
Operational Risk,Information Technlogy,IT Management
Operational Risk,Information Technlogy,IT Management
Operational Risk,Information Technlogy,IT Management
Operational Risk,Information Technlogy,IT Change
Operational Risk,Information Technlogy,IT Change
Operational Risk,Information Technlogy,IT Change
Operational Risk,Information Technlogy,IT Change
Operational Risk,Information Technlogy,IT Change
Operational Risk,Information Technlogy,IT Change
Operational Risk,Information Technlogy,IT Change
Operational Risk,Information Technlogy,IT Change
Operational Risk,Information Technlogy,IT Change
Operational Risk,Information Technlogy,IT Change
Operational Risk,Information Technlogy,IT Change
Operational Risk,Information Technlogy,IT Change
Operational Risk,Information Technlogy,IT Change
Operational Risk,Information Technlogy,IT Change
Operational Risk,Information Technlogy,IT Change
Operational Risk,Information Technlogy,IT Change
Operational Risk,Information Technlogy,IT Change
Operational Risk,Information Technlogy,IT Change
Operational Risk,Information Technlogy,IT Change
Operational Risk,Information Technlogy,IT Change
Operational Risk,Information Technlogy,IT Change
Operational Risk,Information Technlogy,IT Change
Operational Risk,Information Technlogy,IT Change
Operational Risk,Information Technlogy,IT Change
Operational Risk,Information Technlogy,IT Change
Operational Risk,Information Technlogy,IT Change
Operational Risk,Information Technlogy,IT Change
Operational Risk,Information Technlogy,IT Change
Operational Risk,Information Technlogy,IT Change
Operational Risk,Information Technlogy,IT Change
Operational Risk,Information Technlogy,IT Change
Operational Risk,Information Technlogy,IT Change
Operational Risk,Information Technlogy,IT Change
Operational Risk,Information Technlogy,IT Change
Operational Risk,Information Technlogy,IT Change
Operational Risk,Information Technlogy,IT Change
Operational Risk,Information Technlogy,IT Change
Operational Risk,Information Technlogy,IT Change
Operational Risk,Information Technlogy,IT Change
Operational Risk,Information Technlogy,IT Change
Operational Risk,Information Technlogy,IT Change
Operational Risk,Information Technlogy,IT Change
Operational Risk,Information Technlogy,IT Change
Operational Risk,Information Technlogy,IT Change
Operational Risk,Information Technlogy,IT Change
Operational Risk,Information Technlogy,IT Change
Operational Risk,Information Technlogy,IT Change
Operational Risk,Information Technlogy,IT Change
Operational Risk,Information Technlogy,IT Change
Operational Risk,Information Technlogy,IT Change
Operational Risk,Information Technlogy,IT Change
Operational Risk,Information Technlogy,IT Change
Operational Risk,Information Technlogy,IT Change
Operational Risk,Information Technlogy,IT Change
Operational Risk,Information Technlogy,IT Change
Operational Risk,Information Technlogy,IT Change
Operational Risk,Information Technlogy,IT Change
Operational Risk,Information Technlogy,IT Change
Operational Risk,Information Technlogy,IT Change
Operational Risk,Information Technlogy,IT Change
Operational Risk,Information Technlogy,IT Change
Operational Risk,Information Technlogy,IT Change
Operational Risk,Information Technlogy,IT Change
Operational Risk,Information Technlogy,IT Change
Operational Risk,Information Technlogy,IT Change
Operational Risk,Information Technlogy,IT Change
Operational Risk,Information Technlogy,IT Change
Operational Risk,Information Technlogy,IT Change
Operational Risk,Information Technlogy,IT Change
Operational Risk,Information Technlogy,IT Change
Operational Risk,Information Technlogy,IT Change
Operational Risk,Information Technlogy,IT Change
Operational Risk,Information Technlogy,IT Change
Operational Risk,Information Technlogy,IT Change
Operational Risk,Information Technlogy,IT Change
Operational Risk,Information Technlogy,IT Change
Operational Risk,Information Technlogy,IT Change
Operational Risk,Information Technlogy,IT Change
Operational Risk,Information Technlogy,IT Change
Operational Risk,Information Technlogy,IT Change
Operational Risk,Information Technlogy,IT Change
Operational Risk,Information Technlogy,IT Change
Operational Risk,Information Technlogy,IT Change
Operational Risk,Information Technlogy,IT Change
Operational Risk,Information Technlogy,IT Change
Operational Risk,Information Technlogy,IT Change
Operational Risk,Information Technlogy,IT Change
Operational Risk,Legal,Legal Advice
Operational Risk,Legal,Legal Advice
Operational Risk,Legal,Legal Advice
Operational Risk,Legal,Legal Advice
Operational Risk,Legal,Legal Advice
Operational Risk,Legal,Legal Advice
Operational Risk,Legal,Legal Advice
Operational Risk,Legal,Legal Advice
Operational Risk,Legal,Legal Advice
Operational Risk,Legal,Legal Advice
Operational Risk,Legal,Legal Advice
Operational Risk,Legal,Legal Advice
Operational Risk,Legal,Legal Advice
Operational Risk,Legal,Legal Advice
Operational Risk,Legal,Legal Advice
Operational Risk,Legal,Legal Advice
Operational Risk,Legal,Legal Advice
Operational Risk,Legal,Legal Advice
Operational Risk,Legal,Legal Advice
Operational Risk,Legal,Legal Advice
Operational Risk,Legal,Legal Advice
Operational Risk,Legal,Legal Advice
Operational Risk,Legal,Legal Advice
Operational Risk,Legal,Legal Advice
Operational Risk,Legal,Legal Advice
Operational Risk,Legal,Legal Advice
Operational Risk,Legal,Legal Advice
Operational Risk,Legal,Legal Advice
Operational Risk,Legal,Legal Advice
Operational Risk,Legal,Legal Advice
Operational Risk,Legal,Legal Advice
Operational Risk,Legal,Legal Advice
Operational Risk,Legal,Legal Advice
Operational Risk,Legal,Legal Advice
Operational Risk,Legal,Legal Advice
Operational Risk,Legal,Legal Advice
Operational Risk,Legal,Legal Advice
Operational Risk,Legal,Legal Advice
Operational Risk,Legal,Legal Advice
Operational Risk,Legal,Legal Advice
Operational Risk,Legal,Legal Advice
Operational Risk,Legal,Legal Advice
Operational Risk,Legal,Legal Advice
Operational Risk,Legal,Legal Advice
Operational Risk,Legal,Legal Advice
Operational Risk,Legal,Legal Advice
Operational Risk,Legal,Legal Advice
Operational Risk,Legal,Legal Advice
Operational Risk,Legal,Legal Advice
Operational Risk,Legal,Legal Advice
Operational Risk,Legal,Legal Advice
Operational Risk,Legal,Legal Advice
Operational Risk,Legal,Legal Advice
Operational Risk,Legal,Legal Advice
Operational Risk,Legal,Legal Advice
Operational Risk,Legal,Legal Advice
Operational Risk,Legal,Intellectual Property
Operational Risk,Legal,Intellectual Property
Operational Risk,Legal,Intellectual Property
Operational Risk,Legal,Intellectual Property
Operational Risk,Legal,Intellectual Property
Operational Risk,Legal,Intellectual Property
Operational Risk,Legal,Intellectual Property
Operational Risk,Legal,Intellectual Property
Operational Risk,Legal,Intellectual Property
Operational Risk,Legal,Intellectual Property
Operational Risk,Legal,Intellectual Property
Operational Risk,Legal,Intellectual Property
Operational Risk,Legal,Intellectual Property
Operational Risk,Legal,Intellectual Property
Operational Risk,Legal,Intellectual Property
Operational Risk,Legal,Intellectual Property
Operational Risk,Legal,Intellectual Property
Operational Risk,Legal,Intellectual Property
Operational Risk,Legal,Intellectual Property
Operational Risk,Legal,Intellectual Property
Operational Risk,Legal,Intellectual Property
Operational Risk,Legal,Intellectual Property
Operational Risk,Legal,Intellectual Property
Operational Risk,Legal,Intellectual Property
Operational Risk,Legal,Intellectual Property
Operational Risk,Legal,Intellectual Property
Operational Risk,Legal,Intellectual Property
Operational Risk,Legal,Intellectual Property
Operational Risk,Legal,Intellectual Property
Operational Risk,Legal,Intellectual Property
Operational Risk,Legal,Intellectual Property
Operational Risk,Legal,Intellectual Property
Operational Risk,Legal,Intellectual Property
Operational Risk,Legal,Intellectual Property
Operational Risk,Legal,Intellectual Property
Operational Risk,Legal,Intellectual Property
Operational Risk,Legal,Intellectual Property
Operational Risk,Legal,Intellectual Property
Operational Risk,Legal,Intellectual Property
Operational Risk,Legal,Intellectual Property
Operational Risk,Legal,Intellectual Property
Operational Risk,Legal,Intellectual Property
Operational Risk,Legal,Intellectual Property
Operational Risk,Legal,Intellectual Property
Operational Risk,Legal,Intellectual Property
Operational Risk,Legal,Intellectual Property
Operational Risk,Legal,Intellectual Property
Operational Risk,Legal,Intellectual Property
Operational Risk,Legal,Intellectual Property
Operational Risk,Legal,Intellectual Property
Operational Risk,Legal,Intellectual Property
Operational Risk,Legal,Intellectual Property
Operational Risk,Legal,Intellectual Property
Operational Risk,Legal,Intellectual Property
Operational Risk,Legal,Intellectual Property
Operational Risk,Legal,Intellectual Property
Operational Risk,Operations ,Human Error
Operational Risk,Operations ,Human Error
Operational Risk,Operations ,Human Error
Operational Risk,Operations ,Human Error
Operational Risk,Operations ,Human Error
Operational Risk,Operations ,Human Error
Operational Risk,Operations ,Human Error
Operational Risk,Operations ,Human Error
Operational Risk,Operations ,Human Error
Operational Risk,Operations ,Human Error
Operational Risk,Operations ,Human Error
Operational Risk,Operations ,Human Error
Operational Risk,Operations ,Human Error
Operational Risk,Operations ,Human Error
Operational Risk,Operations ,Human Error
Operational Risk,Operations ,Human Error
Operational Risk,Operations ,Human Error
Operational Risk,Operations ,Human Error
Operational Risk,Operations ,Human Error
Operational Risk,Operations ,Human Error
Operational Risk,Operations ,Human Error
Operational Risk,Operations ,Human Error
Operational Risk,Operations ,Human Error
Operational Risk,Operations ,Human Error
Operational Risk,Operations ,Human Error
Operational Risk,Operations ,Human Error
Operational Risk,Operations ,Human Error
Operational Risk,Operations ,Human Error
Operational Risk,Operations ,Human Error
Operational Risk,Operations ,Human Error
Operational Risk,Operations ,Human Error
Operational Risk,Operations ,Human Error
Operational Risk,Operations ,Human Error
Operational Risk,Operations ,Human Error
Operational Risk,Operations ,Human Error
Operational Risk,Operations ,Human Error
Operational Risk,Operations ,Human Error
Operational Risk,Operations ,Human Error
Operational Risk,Operations ,Human Error
Operational Risk,Operations ,Human Error
Operational Risk,Operations ,Human Error
Operational Risk,Operations ,Human Error
Operational Risk,Operations ,Human Error
Operational Risk,Operations ,Human Error
Operational Risk,Operations ,Human Error
Operational Risk,Operations ,Human Error
Operational Risk,Operations ,Human Error
Operational Risk,Operations ,Human Error
Operational Risk,Operations ,Human Error
Operational Risk,Operations ,Human Error
Operational Risk,Operations ,Human Error
Operational Risk,Operations ,Human Error
Operational Risk,Operations ,Human Error
Operational Risk,Operations ,Human Error
Operational Risk,Operations ,Human Error
Operational Risk,Operations ,Human Error
Operational Risk,Operations ,Human Error
Operational Risk,Operations ,Human Error
Operational Risk,Operations ,Human Error
Operational Risk,Operations ,Human Error
Operational Risk,Operations ,Human Error
Operational Risk,Operations ,Human Error
Operational Risk,Operations ,Human Error
Operational Risk,Operations ,Human Error
Operational Risk,Operations ,Human Error
Operational Risk,Operations ,Human Error
Operational Risk,Operations ,Payment Processing
Operational Risk,Operations ,Payment Processing
Operational Risk,Operations ,Payment Processing
Operational Risk,Operations ,Payment Processing
Operational Risk,Operations ,Payment Processing
Operational Risk,Operations ,Payment Processing
Operational Risk,Operations ,Payment Processing
Operational Risk,Operations ,Payment Processing
Operational Risk,Operations ,Payment Processing
Operational Risk,Operations ,Payment Processing
Operational Risk,Operations ,Payment Processing
Operational Risk,Operations ,Payment Processing
Operational Risk,Operations ,Payment Processing
Operational Risk,Operations ,Payment Processing
Operational Risk,Operations ,Payment Processing
Operational Risk,Operations ,Payment Processing
Operational Risk,Operations ,Payment Processing
Operational Risk,Operations ,Payment Processing
Operational Risk,Operations ,Payment Processing
Operational Risk,Operations ,Payment Processing
Operational Risk,Operations ,Payment Processing
Operational Risk,Operations ,Payment Processing
Operational Risk,Operations ,Payment Processing
Operational Risk,Operations ,Payment Processing
Operational Risk,Operations ,Payment Processing
Operational Risk,Operations ,Payment Processing
Operational Risk,Operations ,Payment Processing
Operational Risk,Operations ,Payment Processing
Operational Risk,Operations ,Payment Processing
Operational Risk,Operations ,Payment Processing
Operational Risk,Operations ,Payment Processing
Operational Risk,Operations ,Payment Processing
Operational Risk,Operations ,Payment Processing
Operational Risk,Operations ,Payment Processing
Operational Risk,Operations ,Payment Processing
Operational Risk,Operations ,Payment Processing
Operational Risk,Operations ,Payment Processing
Operational Risk,Operations ,Payment Processing
Operational Risk,Operations ,Payment Processing
Operational Risk,Operations ,Payment Processing
Operational Risk,Operations ,Payment Processing
Operational Risk,Operations ,Payment Processing
Operational Risk,Operations ,Payment Processing
Operational Risk,Operations ,Payment Processing
Operational Risk,Operations ,Records Management
Operational Risk,Operations ,Records Management
Operational Risk,Operations ,Records Management
Operational Risk,Operations ,Records Management
Operational Risk,Operations ,Records Management
Operational Risk,Operations ,Records Management
Operational Risk,Operations ,Records Management
Operational Risk,Operations ,Records Management
Operational Risk,Operations ,Records Management
Operational Risk,Operations ,Records Management
Operational Risk,Operations ,Records Management
Operational Risk,Operations ,Records Management
Operational Risk,Operations ,Records Management
Operational Risk,Operations ,Records Management
Operational Risk,Operations ,Records Management
Operational Risk,Operations ,Records Management
Operational Risk,Operations ,Records Management
Operational Risk,Operations ,Records Management
Operational Risk,Operations ,Records Management
Operational Risk,Operations ,Records Management
Operational Risk,Operations ,Records Management
Operational Risk,Operations ,Records Management
Operational Risk,Operations ,Records Management
Operational Risk,Operations ,Records Management
Operational Risk,Operations ,Records Management
Operational Risk,Operations ,Records Management
Operational Risk,Operations ,Records Management
Operational Risk,Operations ,Records Management
Operational Risk,Operations ,Records Management
Operational Risk,Operations ,Records Management
Operational Risk,Operations ,Records Management
Operational Risk,Operations ,Records Management
Operational Risk,Operations ,Records Management
Operational Risk,Operations ,Records Management
Operational Risk,Operations ,Records Management
Operational Risk,Operations ,Records Management
Operational Risk,Operations ,Records Management
Operational Risk,Operations ,Records Management
Operational Risk,Operations ,Records Management
Operational Risk,Operations ,Records Management
Operational Risk,Operations ,Records Management
Operational Risk,Operations ,Records Management
Operational Risk,Operations ,Records Management
Operational Risk,Operations ,Records Management
Operational Risk,Operations ,Records Management
Operational Risk,Operations ,Records Management
Operational Risk,Operations ,Records Management
Operational Risk,Operations ,Records Management
Operational Risk,Operations ,Records Management
Operational Risk,Operations ,Records Management
Operational Risk,Operations ,Records Management
Operational Risk,Operations ,Records Management
Operational Risk,Operations ,Records Management
Operational Risk,Operations ,Records Management
Operational Risk,Operations ,Records Management
Operational Risk,Operations ,Records Management
Operational Risk,Operations ,Records Management
Operational Risk,Operations ,Records Management
Operational Risk,Operations ,Records Management
Operational Risk,Operations ,Records Management
Operational Risk,Operations ,Records Management
Operational Risk,Operations ,Records Management
Operational Risk,Operations ,Records Management
Operational Risk,Operations ,Records Management
Operational Risk,Operations ,Records Management
Operational Risk,Operations ,Records Management
Operational Risk,Operations ,Records Management
Operational Risk,Operations ,Records Management
Operational Risk,Operations ,Records Management
Operational Risk,Operations ,Records Management
Operational Risk,Operations ,Records Management
Operational Risk,Operations ,Records Management
Operational Risk,Operations ,Records Management
Operational Risk,Operations ,Records Management
Operational Risk,Operations ,Records Management
Operational Risk,Operations ,Records Management
Operational Risk,Operations ,Records Management
Operational Risk,Operations ,Records Management
Operational Risk,Operations ,Records Management
Operational Risk,Operations ,Records Management
Operational Risk,Operations ,Records Management
Operational Risk,Operations ,Records Management
Operational Risk,Operations ,Records Management
Operational Risk,Operations ,Records Management
Operational Risk,Operations ,Transaction Operations
Operational Risk,Operations ,Transaction Operations
Operational Risk,Operations ,Transaction Operations
Operational Risk,Operations ,Transaction Operations
Operational Risk,Operations ,Transaction Operations
Operational Risk,Operations ,Transaction Operations
Operational Risk,Operations ,Transaction Operations
Operational Risk,Operations ,Transaction Operations
Operational Risk,Operations ,Transaction Operations
Operational Risk,Operations ,Transaction Operations
Operational Risk,Operations ,Transaction Operations
Operational Risk,Operations ,Transaction Operations
Operational Risk,Operations ,Transaction Operations
Operational Risk,Operations ,Transaction Operations
Operational Risk,Operations ,Transaction Operations
Operational Risk,Operations ,Transaction Operations
Operational Risk,Operations ,Transaction Operations
Operational Risk,Operations ,Transaction Operations
Operational Risk,Operations ,Transaction Operations
Operational Risk,Operations ,Transaction Operations
Operational Risk,Operations ,Transaction Operations
Operational Risk,Operations ,Transaction Operations
Operational Risk,Operations ,Transaction Operations
Operational Risk,Operations ,Transaction Operations
Operational Risk,Operations ,Transaction Operations
Operational Risk,Operations ,Transaction Operations
Operational Risk,Operations ,Transaction Operations
Operational Risk,Operations ,Transaction Operations
Operational Risk,Operations ,Transaction Operations
Operational Risk,Operations ,Transaction Operations
Operational Risk,Operations ,Transaction Operations
Operational Risk,Operations ,Transaction Operations
Operational Risk,Operations ,Transaction Operations
Operational Risk,Operations ,Transaction Operations
Operational Risk,Operations ,Transaction Operations
Operational Risk,Operations ,Transaction Operations
Operational Risk,Operations ,Transaction Operations
Operational Risk,Operations ,Transaction Operations
Operational Risk,Operations ,Transaction Operations
Operational Risk,Operations ,Transaction Operations
Operational Risk,Operations ,Transaction Operations
Operational Risk,Operations ,Transaction Operations
Operational Risk,Operations ,Transaction Operations
Operational Risk,Operations ,Transaction Operations
Operational Risk,Operations ,Transaction Operations
Operational Risk,Operations ,Transaction Operations
Operational Risk,Operations ,Transaction Operations
Operational Risk,Operations ,Transaction Operations
Operational Risk,Operations ,Transaction Operations
Operational Risk,Operations ,Transaction Operations
Operational Risk,Operations ,Transaction Operations
Operational Risk,Operations ,Transaction Operations
Operational Risk,Operations ,Transaction Operations
Operational Risk,Operations ,Transaction Operations
Operational Risk,Operations ,Transaction Operations
Operational Risk,Operations ,Transaction Operations
Operational Risk,Operations ,Transaction Operations
Operational Risk,Operations ,Transaction Operations
Operational Risk,Operations ,Transaction Operations
Operational Risk,Operations ,Transaction Operations
Operational Risk,Operations ,Transaction Operations
Operational Risk,Operations ,Transaction Operations
Operational Risk,Operations ,Transaction Operations
Operational Risk,Operations ,Transaction Operations
Operational Risk,Operations ,Transaction Operations
Operational Risk,Operations ,Transaction Operations
Operational Risk,Operations ,Transaction Operations
Operational Risk,Operations ,Transaction Operations
Operational Risk,Operations ,Transaction Operations
Operational Risk,Operations ,Transaction Operations
Operational Risk,Operations ,Transaction Operations
Operational Risk,Operations ,Transaction Operations
Operational Risk,Operations ,Transaction Operations
Operational Risk,Operations ,Transaction Operations
Operational Risk,Operations ,Transaction Operations
Operational Risk,Operations ,Transaction Operations
Operational Risk,Operations ,Transaction Operations
Operational Risk,Operations ,Transaction Operations
Operational Risk,Operations ,Transaction Operations
Operational Risk,Operations ,Transaction Operations
Operational Risk,Operations ,Transaction Operations
Operational Risk,Operations ,Transaction Operations
Operational Risk,Operations ,Transaction Operations
Operational Risk,Operations ,Transaction Operations
Operational Risk,Operations ,Transaction Operations
Operational Risk,Operations ,Transaction Operations
Operational Risk,Operations ,Transaction Operations
Operational Risk,Operations ,Transaction Operations
Operational Risk,Operations ,Transaction Operations
Operational Risk,Operations ,Transaction Operations
Operational Risk,Operations ,Transaction Operations
Operational Risk,Operations ,Transaction Operations
Operational Risk,Operations ,Transaction Operations
Operational Risk,Operations ,Transaction Operations
Operational Risk,Operations ,Transaction Operations
Operational Risk,Operations ,Transaction Operations
Operational Risk,Operations ,Transaction Operations
Operational Risk,Operations ,Transaction Operations
Operational Risk,Operations ,Transaction Operations
Operational Risk,Operations ,Transaction Operations
Operational Risk,Operations ,Transaction Operations
Operational Risk,Operations ,Transaction Operations
Operational Risk,Operations ,Transaction Operations
Operational Risk,Operations ,Transaction Operations
Operational Risk,People,Capacity
Operational Risk,People,Capacity
Operational Risk,People,Capacity
Operational Risk,People,Capacity
Operational Risk,People,Capacity
Operational Risk,People,Capacity
Operational Risk,People,Capacity
Operational Risk,People,Capacity
Operational Risk,People,Capacity
Operational Risk,People,Capacity
Operational Risk,People,Capacity
Operational Risk,People,Capacity
Operational Risk,People,Capacity
Operational Risk,People,Capacity
Operational Risk,People,Capacity
Operational Risk,People,Capacity
Operational Risk,People,Capacity
Operational Risk,People,Capacity
Operational Risk,People,Capacity
Operational Risk,People,Capacity
Operational Risk,People,Capacity
Operational Risk,People,Capacity
Operational Risk,People,Capacity
Operational Risk,People,Capacity
Operational Risk,People,Capacity
Operational Risk,People,Capacity
Operational Risk,People,Capacity
Operational Risk,People,Capacity
Operational Risk,People,Capacity
Operational Risk,People,Capacity
Operational Risk,People,Capacity
Operational Risk,People,Capacity
Operational Risk,People,Capacity
Operational Risk,People,Capacity
Operational Risk,People,Capacity
Operational Risk,People,Capacity
Operational Risk,People,Capacity
Operational Risk,People,Capacity
Operational Risk,People,Capacity
Operational Risk,People,Capacity
Operational Risk,People,Capacity
Operational Risk,People,Capacity
Operational Risk,People,"Health, Safety and Environment"
Operational Risk,People,"Health, Safety and Environment"
Operational Risk,People,"Health, Safety and Environment"
Operational Risk,People,"Health, Safety and Environment"
Operational Risk,People,"Health, Safety and Environment"
Operational Risk,People,"Health, Safety and Environment"
Operational Risk,People,"Health, Safety and Environment"
Operational Risk,People,"Health, Safety and Environment"
Operational Risk,People,"Health, Safety and Environment"
Operational Risk,People,"Health, Safety and Environment"
Operational Risk,People,"Health, Safety and Environment"
Operational Risk,People,"Health, Safety and Environment"
Operational Risk,People,"Health, Safety and Environment"
Operational Risk,People,"Health, Safety and Environment"
Operational Risk,People,"Health, Safety and Environment"
Operational Risk,People,"Health, Safety and Environment"
Operational Risk,People,"Health, Safety and Environment"
Operational Risk,People,"Health, Safety and Environment"
Operational Risk,People,"Health, Safety and Environment"
Operational Risk,People,"Health, Safety and Environment"
Operational Risk,People,"Health, Safety and Environment"
Operational Risk,People,"Health, Safety and Environment"
Operational Risk,People,"Health, Safety and Environment"
Operational Risk,People,"Health, Safety and Environment"
Operational Risk,People,"Health, Safety and Environment"
Operational Risk,People,"Health, Safety and Environment"
Operational Risk,People,"Health, Safety and Environment"
Operational Risk,People,"Health, Safety and Environment"
Operational Risk,People,"Health, Safety and Environment"
Operational Risk,People,"Health, Safety and Environment"
Operational Risk,People,"Health, Safety and Environment"
Operational Risk,People,"Health, Safety and Environment"
Operational Risk,People,"Health, Safety and Environment"
Operational Risk,People,"Health, Safety and Environment"
Operational Risk,People,"Health, Safety and Environment"
Operational Risk,People,"Health, Safety and Environment"
Operational Risk,People,"Health, Safety and Environment"
Operational Risk,People,"Health, Safety and Environment"
Operational Risk,People,"Health, Safety and Environment"
Operational Risk,People,"Health, Safety and Environment"
Operational Risk,People,"Health, Safety and Environment"
Operational Risk,People,"Health, Safety and Environment"
Operational Risk,People,"Health, Safety and Environment"
Operational Risk,People,"Health, Safety and Environment"
Operational Risk,People,"Health, Safety and Environment"
Operational Risk,People,"Health, Safety and Environment"
Operational Risk,People,"Health, Safety and Environment"
Operational Risk,People,"Health, Safety and Environment"
Operational Risk,People,Skills & Knowledge Gaps
Operational Risk,People,Skills & Knowledge Gaps
Operational Risk,People,Skills & Knowledge Gaps
Operational Risk,People,Skills & Knowledge Gaps
Operational Risk,People,Skills & Knowledge Gaps
Operational Risk,People,Skills & Knowledge Gaps
Operational Risk,People,Skills & Knowledge Gaps
Operational Risk,People,Skills & Knowledge Gaps
Operational Risk,People,Skills & Knowledge Gaps
Operational Risk,People,Skills & Knowledge Gaps
Operational Risk,People,Skills & Knowledge Gaps
Operational Risk,People,Skills & Knowledge Gaps
Operational Risk,People,Skills & Knowledge Gaps
Operational Risk,People,Skills & Knowledge Gaps
Operational Risk,People,Skills & Knowledge Gaps
Operational Risk,People,Skills & Knowledge Gaps
Operational Risk,People,Skills & Knowledge Gaps
Operational Risk,People,Skills & Knowledge Gaps
Operational Risk,People,Skills & Knowledge Gaps
Operational Risk,People,Skills & Knowledge Gaps
Operational Risk,People,Skills & Knowledge Gaps
Operational Risk,People,Skills & Knowledge Gaps
Operational Risk,People,Skills & Knowledge Gaps
Operational Risk,People,Skills & Knowledge Gaps
Operational Risk,People,Skills & Knowledge Gaps
Operational Risk,People,Skills & Knowledge Gaps
Operational Risk,People,Skills & Knowledge Gaps
Operational Risk,People,Skills & Knowledge Gaps
Operational Risk,People,Skills & Knowledge Gaps
Operational Risk,People,Skills & Knowledge Gaps
Operational Risk,People,Skills & Knowledge Gaps
Operational Risk,People,Skills & Knowledge Gaps
Operational Risk,People,Skills & Knowledge Gaps
Operational Risk,People,Skills & Knowledge Gaps
Operational Risk,People,Skills & Knowledge Gaps
Operational Risk,People,Skills & Knowledge Gaps
Operational Risk,People,Skills & Knowledge Gaps
Operational Risk,People,Skills & Knowledge Gaps
Operational Risk,People,Skills & Knowledge Gaps
Operational Risk,People,Skills & Knowledge Gaps
Operational Risk,People,Skills & Knowledge Gaps
Operational Risk,People,Skills & Knowledge Gaps
Operational Risk,People,Skills & Knowledge Gaps
Operational Risk,People,Skills & Knowledge Gaps
Operational Risk,People,Training & Competence
Operational Risk,People,Training & Competence
Operational Risk,People,Training & Competence
Operational Risk,People,Training & Competence
Operational Risk,People,Training & Competence
Operational Risk,People,Training & Competence
Operational Risk,People,Training & Competence
Operational Risk,People,Training & Competence
Operational Risk,People,Training & Competence
Operational Risk,People,Training & Competence
Operational Risk,People,Training & Competence
Operational Risk,People,Training & Competence
Operational Risk,People,Training & Competence
Operational Risk,People,Training & Competence
Operational Risk,People,Training & Competence
Operational Risk,People,Training & Competence
Operational Risk,People,Training & Competence
Operational Risk,People,Training & Competence
Operational Risk,People,Training & Competence
Operational Risk,People,Training & Competence
Operational Risk,People,Training & Competence
Operational Risk,People,Training & Competence
Operational Risk,People,Training & Competence
Operational Risk,People,Training & Competence
Operational Risk,People,Training & Competence
Operational Risk,People,Training & Competence
Operational Risk,People,Training & Competence
Operational Risk,People,Training & Competence
Operational Risk,People,Training & Competence
Operational Risk,People,Training & Competence
Operational Risk,People,Training & Competence
Operational Risk,People,Training & Competence
Operational Risk,People,Training & Competence
Operational Risk,People,Training & Competence
Operational Risk,People,Training & Competence
Operational Risk,People,Training & Competence
Operational Risk,People,Training & Competence
Operational Risk,People,Training & Competence
Operational Risk,People,Training & Competence
Operational Risk,People,Training & Competence
Operational Risk,People,Training & Competence
Operational Risk,People,Training & Competence
Operational Risk,People,Training & Competence
Operational Risk,People,Training & Competence
Operational Risk,People,Training & Competence
Operational Risk,People,Training & Competence
Operational Risk,People,Training & Competence
Operational Risk,People,Training & Competence
Operational Risk,People,Training & Competence
Operational Risk,People,Training & Competence
Operational Risk,People,Training & Competence
Operational Risk,People,Training & Competence
Operational Risk,Regulatory & Compliance Risk,Compliance
Operational Risk,Regulatory & Compliance Risk,Compliance
Operational Risk,Regulatory & Compliance Risk,Compliance
Operational Risk,Regulatory & Compliance Risk,Compliance
Operational Risk,Regulatory & Compliance Risk,Compliance
Operational Risk,Regulatory & Compliance Risk,Compliance
Operational Risk,Regulatory & Compliance Risk,Compliance
Operational Risk,Regulatory & Compliance Risk,Compliance
Operational Risk,Regulatory & Compliance Risk,Compliance
Operational Risk,Regulatory & Compliance Risk,Compliance
Operational Risk,Regulatory & Compliance Risk,Compliance
Operational Risk,Regulatory & Compliance Risk,Compliance
Operational Risk,Regulatory & Compliance Risk,Compliance
Operational Risk,Regulatory & Compliance Risk,Compliance
Operational Risk,Regulatory & Compliance Risk,Compliance
Operational Risk,Regulatory & Compliance Risk,Compliance
Operational Risk,Regulatory & Compliance Risk,Compliance
Operational Risk,Regulatory & Compliance Risk,Compliance
Operational Risk,Regulatory & Compliance Risk,Compliance
Operational Risk,Regulatory & Compliance Risk,Compliance
Operational Risk,Regulatory & Compliance Risk,Compliance
Operational Risk,Regulatory & Compliance Risk,Compliance
Operational Risk,Regulatory & Compliance Risk,Compliance
Operational Risk,Regulatory & Compliance Risk,Compliance
Operational Risk,Regulatory & Compliance Risk,Compliance
Operational Risk,Regulatory & Compliance Risk,Compliance
Operational Risk,Regulatory & Compliance Risk,Compliance
Operational Risk,Regulatory & Compliance Risk,Compliance
Operational Risk,Regulatory & Compliance Risk,Compliance
Operational Risk,Regulatory & Compliance Risk,Compliance
Operational Risk,Regulatory & Compliance Risk,Compliance
Operational Risk,Regulatory & Compliance Risk,Compliance
Operational Risk,Regulatory & Compliance Risk,Compliance
Operational Risk,Regulatory & Compliance Risk,Compliance
Operational Risk,Regulatory & Compliance Risk,Compliance
Operational Risk,Regulatory & Compliance Risk,Compliance
Operational Risk,Regulatory & Compliance Risk,Compliance
Operational Risk,Regulatory & Compliance Risk,Compliance
Operational Risk,Regulatory & Compliance Risk,Compliance
Operational Risk,Regulatory & Compliance Risk,Compliance
Operational Risk,Regulatory & Compliance Risk,Compliance
Operational Risk,Regulatory & Compliance Risk,Compliance
Operational Risk,Regulatory & Compliance Risk,Compliance
Operational Risk,Regulatory & Compliance Risk,Compliance
Operational Risk,Regulatory & Compliance Risk,Compliance
Operational Risk,Regulatory & Compliance Risk,Compliance
Operational Risk,Regulatory & Compliance Risk,Compliance
Operational Risk,Regulatory & Compliance Risk,Compliance
Operational Risk,Regulatory & Compliance Risk,Compliance
Operational Risk,Regulatory & Compliance Risk,Compliance
Operational Risk,Regulatory & Compliance Risk,Compliance
Operational Risk,Regulatory & Compliance Risk,Compliance
Operational Risk,Regulatory & Compliance Risk,Compliance
Operational Risk,Regulatory & Compliance Risk,Compliance
Operational Risk,Regulatory & Compliance Risk,Compliance
Operational Risk,Regulatory & Compliance Risk,Compliance
Operational Risk,Regulatory & Compliance Risk,Regulatory Risk
Operational Risk,Regulatory & Compliance Risk,Regulatory Risk
Operational Risk,Regulatory & Compliance Risk,Regulatory Risk
Operational Risk,Regulatory & Compliance Risk,Regulatory Risk
Operational Risk,Regulatory & Compliance Risk,Regulatory Risk
Operational Risk,Regulatory & Compliance Risk,Regulatory Risk
Operational Risk,Regulatory & Compliance Risk,Regulatory Risk
Operational Risk,Regulatory & Compliance Risk,Regulatory Risk
Operational Risk,Regulatory & Compliance Risk,Regulatory Risk
Operational Risk,Regulatory & Compliance Risk,Regulatory Risk
Operational Risk,Regulatory & Compliance Risk,Regulatory Risk
Operational Risk,Regulatory & Compliance Risk,Regulatory Risk
Operational Risk,Regulatory & Compliance Risk,Regulatory Risk
Operational Risk,Regulatory & Compliance Risk,Regulatory Risk
Operational Risk,Regulatory & Compliance Risk,Regulatory Risk
Operational Risk,Regulatory & Compliance Risk,Regulatory Risk
Operational Risk,Regulatory & Compliance Risk,Regulatory Risk
Operational Risk,Regulatory & Compliance Risk,Regulatory Risk
Operational Risk,Regulatory & Compliance Risk,Regulatory Risk
Operational Risk,Regulatory & Compliance Risk,Regulatory Risk
Operational Risk,Regulatory & Compliance Risk,Regulatory Risk
Operational Risk,Regulatory & Compliance Risk,Regulatory Risk
Operational Risk,Regulatory & Compliance Risk,Regulatory Risk
Operational Risk,Regulatory & Compliance Risk,Regulatory Risk
Operational Risk,Regulatory & Compliance Risk,Regulatory Risk
Operational Risk,Regulatory & Compliance Risk,Regulatory Risk
Operational Risk,Regulatory & Compliance Risk,Regulatory Risk
Operational Risk,Regulatory & Compliance Risk,Regulatory Risk
Operational Risk,Regulatory & Compliance Risk,Regulatory Risk
Operational Risk,Regulatory & Compliance Risk,Regulatory Risk
Operational Risk,Regulatory & Compliance Risk,Regulatory Risk
Operational Risk,Regulatory & Compliance Risk,Regulatory Risk
Operational Risk,Regulatory & Compliance Risk,Regulatory Risk
Operational Risk,Regulatory & Compliance Risk,Regulatory Risk
Operational Risk,Regulatory & Compliance Risk,Regulatory Risk
Operational Risk,Regulatory & Compliance Risk,Regulatory Risk
Operational Risk,Regulatory & Compliance Risk,Regulatory Risk
Operational Risk,Regulatory & Compliance Risk,Regulatory Risk
Operational Risk,Regulatory & Compliance Risk,Regulatory Risk
Operational Risk,Regulatory & Compliance Risk,Regulatory Risk
Operational Risk,Regulatory & Compliance Risk,Regulatory Risk
Operational Risk,Regulatory & Compliance Risk,Regulatory Risk
Operational Risk,Regulatory & Compliance Risk,Regulatory Risk
Operational Risk,Regulatory & Compliance Risk,Regulatory Risk
Operational Risk,Regulatory & Compliance Risk,Regulatory Risk
Operational Risk,Regulatory & Compliance Risk,Regulatory Risk
Operational Risk,Regulatory & Compliance Risk,Regulatory Risk
Operational Risk,Regulatory & Compliance Risk,Regulatory Risk
Operational Risk,Regulatory & Compliance Risk,Regulatory Risk
Operational Risk,Regulatory & Compliance Risk,Regulatory Risk
Operational Risk,Regulatory & Compliance Risk,Regulatory Risk
Operational Risk,Regulatory & Compliance Risk,Regulatory Risk
Operational Risk,Regulatory & Compliance Risk,Regulatory Risk
Operational Risk,Regulatory & Compliance Risk,Regulatory Risk
Operational Risk,Regulatory & Compliance Risk,Regulatory Risk
Operational Risk,Regulatory & Compliance Risk,Regulatory Risk
Operational Risk,Regulatory & Compliance Risk,Regulatory Risk
Operational Risk,Regulatory & Compliance Risk,Regulatory Risk
Operational Risk,Regulatory & Compliance Risk,Regulatory Risk
Operational Risk,Regulatory & Compliance Risk,Regulatory Risk
Operational Risk,Regulatory & Compliance Risk,Regulatory Risk
Operational Risk,Regulatory & Compliance Risk,Regulatory Risk
Operational Risk,Regulatory & Compliance Risk,Regulatory Risk
Operational Risk,Regulatory & Compliance Risk,Regulatory Risk
Operational Risk,Regulatory & Compliance Risk,Regulatory Risk
Operational Risk,Regulatory & Compliance Risk,Regulatory Risk
Operational Risk,Regulatory & Compliance Risk,Regulatory Risk
Operational Risk,Regulatory & Compliance Risk,Regulatory Risk
Operational Risk,Regulatory & Compliance Risk,Regulatory Risk
Operational Risk,Regulatory & Compliance Risk,Regulatory Risk
Operational Risk,Regulatory & Compliance Risk,Regulatory Risk
Operational Risk,Regulatory & Compliance Risk,Regulatory Risk
Operational Risk,Regulatory & Compliance Risk,Regulatory Risk
Operational Risk,Regulatory & Compliance Risk,Regulatory Risk
Operational Risk,Regulatory & Compliance Risk,Regulatory Risk
Operational Risk,Regulatory & Compliance Risk,Regulatory Risk
Operational Risk,Regulatory & Compliance Risk,Regulatory Risk
Operational Risk,Regulatory & Compliance Risk,Regulatory Risk
Operational Risk,Regulatory & Compliance Risk,Regulatory Risk
Operational Risk,Regulatory & Compliance Risk,Regulatory Risk
Operational Risk,Regulatory & Compliance Risk,Regulatory Risk
Operational Risk,Regulatory & Compliance Risk,Regulatory Risk
Operational Risk,Regulatory & Compliance Risk,Regulatory Risk
Operational Risk,Regulatory & Compliance Risk,Regulatory Risk
Operational Risk,Regulatory & Compliance Risk,Regulatory Risk
Operational Risk,Regulatory & Compliance Risk,Regulatory Risk
Operational Risk,Regulatory & Compliance Risk,Regulatory Risk
Operational Risk,Regulatory & Compliance Risk,Regulatory Risk
Operational Risk,Regulatory & Compliance Risk,Regulatory Risk
Operational Risk,Regulatory & Compliance Risk,Regulatory Risk
Operational Risk,Regulatory & Compliance Risk,Regulatory Risk
Operational Risk,Regulatory & Compliance Risk,Regulatory Risk
Operational Risk,Regulatory & Compliance Risk,Regulatory Risk
Operational Risk,Regulatory & Compliance Risk,Regulatory Risk
Operational Risk,Regulatory & Compliance Risk,Regulatory Risk
Operational Risk,Regulatory & Compliance Risk,Regulatory Risk
Operational Risk,Regulatory & Compliance Risk,Regulatory Risk
Operational Risk,Regulatory & Compliance Risk,Regulatory Risk
Operational Risk,Regulatory & Compliance Risk,Regulatory Risk
Operational Risk,Regulatory & Compliance Risk,Regulatory Risk
Operational Risk,Regulatory & Compliance Risk,Regulatory Risk
Operational Risk,Regulatory & Compliance Risk,Regulatory Risk
Operational Risk,Regulatory & Compliance Risk,Regulatory Risk
Operational Risk,Regulatory & Compliance Risk,Regulatory Risk
Operational Risk,Regulatory & Compliance Risk,Regulatory Risk
Operational Risk,Regulatory & Compliance Risk,Regulatory Risk
Operational Risk,Regulatory & Compliance Risk,Regulatory Risk
Operational Risk,Regulatory & Compliance Risk,Regulatory Risk
Operational Risk,Regulatory & Compliance Risk,Regulatory Risk
Operational Risk,Regulatory & Compliance Risk,Regulatory Risk
Operational Risk,Regulatory & Compliance Risk,Regulatory Risk
Operational Risk,Regulatory & Compliance Risk,Regulatory Risk
Operational Risk,Regulatory & Compliance Risk,Regulatory Risk
Operational Risk,Regulatory & Compliance Risk,Regulatory Risk
Operational Risk,Regulatory & Compliance Risk,Regulatory Risk
Operational Risk,Regulatory & Compliance Risk,Regulatory Risk
Operational Risk,Regulatory & Compliance Risk,Regulatory Risk
Operational Risk,Regulatory & Compliance Risk,Regulatory Risk
Operational Risk,Regulatory & Compliance Risk,Regulatory Risk
Operational Risk,Regulatory & Compliance Risk,Regulatory Risk
Operational Risk,Regulatory & Compliance Risk,Regulatory Risk
Operational Risk,Regulatory & Compliance Risk,Regulatory Risk
Operational Risk,Regulatory & Compliance Risk,Regulatory Risk
Operational Risk,Regulatory & Compliance Risk,Regulatory Risk
Operational Risk,Regulatory & Compliance Risk,Regulatory Risk
Operational Risk,Regulatory & Compliance Risk,Regulatory Risk
Operational Risk,Regulatory & Compliance Risk,Regulatory Risk
Operational Risk,Regulatory & Compliance Risk,Regulatory Risk
Operational Risk,Regulatory & Compliance Risk,Regulatory Risk
Operational Risk,Regulatory & Compliance Risk,Regulatory Risk
Operational Risk,Regulatory & Compliance Risk,Regulatory Risk
Operational Risk,Cyber Security,DDOS
Operational Risk,Cyber Security,DDOS
Operational Risk,Cyber Security,DDOS
Operational Risk,Cyber Security,DDOS
Operational Risk,Cyber Security,DDOS
Operational Risk,Cyber Security,DDOS
Operational Risk,Cyber Security,DDOS
Operational Risk,Cyber Security,DDOS
Operational Risk,Cyber Security,DDOS
Operational Risk,Cyber Security,DDOS
Operational Risk,Cyber Security,DDOS
Operational Risk,Cyber Security,DDOS
Operational Risk,Cyber Security,DDOS
Operational Risk,Cyber Security,DDOS
Operational Risk,Cyber Security,DDOS
Operational Risk,Cyber Security,DDOS
Operational Risk,Cyber Security,DDOS
Operational Risk,Cyber Security,DDOS
Operational Risk,Cyber Security,DDOS
Operational Risk,Cyber Security,DDOS
Operational Risk,Cyber Security,DDOS
Operational Risk,Cyber Security,DDOS
Operational Risk,Cyber Security,DDOS
Operational Risk,Cyber Security,DDOS
Operational Risk,Cyber Security,DDOS
Operational Risk,Cyber Security,DDOS
Operational Risk,Cyber Security,DDOS
Operational Risk,Cyber Security,DDOS
Operational Risk,Cyber Security,DDOS
Operational Risk,Cyber Security,DDOS
Operational Risk,Cyber Security,DDOS
Operational Risk,Cyber Security,DDOS
Operational Risk,Cyber Security,DDOS
Operational Risk,Cyber Security,DDOS
Operational Risk,Cyber Security,DDOS
Operational Risk,Cyber Security,DDOS
Operational Risk,Cyber Security,DDOS
Operational Risk,Cyber Security,DDOS
Operational Risk,Cyber Security,DDOS
Operational Risk,Cyber Security,DDOS
Operational Risk,Cyber Security,DDOS
Operational Risk,Cyber Security,DDOS
Operational Risk,Cyber Security,Insider Threat
Operational Risk,Cyber Security,Insider Threat
Operational Risk,Cyber Security,Insider Threat
Operational Risk,Cyber Security,Insider Threat
Operational Risk,Cyber Security,Insider Threat
Operational Risk,Cyber Security,Insider Threat
Operational Risk,Cyber Security,Insider Threat
Operational Risk,Cyber Security,Insider Threat
Operational Risk,Cyber Security,Insider Threat
Operational Risk,Cyber Security,Insider Threat
Operational Risk,Cyber Security,Insider Threat
Operational Risk,Cyber Security,Insider Threat
Operational Risk,Cyber Security,Insider Threat
Operational Risk,Cyber Security,Insider Threat
Operational Risk,Cyber Security,Insider Threat
Operational Risk,Cyber Security,Insider Threat
Operational Risk,Cyber Security,Insider Threat
Operational Risk,Cyber Security,Insider Threat
Operational Risk,Cyber Security,Insider Threat
Operational Risk,Cyber Security,Insider Threat
Operational Risk,Cyber Security,Insider Threat
Operational Risk,Cyber Security,Insider Threat
Operational Risk,Cyber Security,Insider Threat
Operational Risk,Cyber Security,Insider Threat
Operational Risk,Cyber Security,Insider Threat
Operational Risk,Cyber Security,Insider Threat
Operational Risk,Cyber Security,Insider Threat
Operational Risk,Cyber Security,Insider Threat
Operational Risk,Cyber Security,Insider Threat
Operational Risk,Cyber Security,Insider Threat
Operational Risk,Cyber Security,Insider Threat
Operational Risk,Cyber Security,Insider Threat
Operational Risk,Cyber Security,Insider Threat
Operational Risk,Cyber Security,Insider Threat
Operational Risk,Cyber Security,Insider Threat
Operational Risk,Cyber Security,Insider Threat
Operational Risk,Cyber Security,Phishing
Operational Risk,Cyber Security,Phishing
Operational Risk,Cyber Security,Phishing
Operational Risk,Cyber Security,Phishing
Operational Risk,Cyber Security,Phishing
Operational Risk,Cyber Security,Phishing
Operational Risk,Cyber Security,Phishing
Operational Risk,Cyber Security,Phishing
Operational Risk,Cyber Security,Phishing
Operational Risk,Cyber Security,Phishing
Operational Risk,Cyber Security,Phishing
Operational Risk,Cyber Security,Phishing
Operational Risk,Cyber Security,Phishing
Operational Risk,Cyber Security,Phishing
Operational Risk,Cyber Security,Phishing
Operational Risk,Cyber Security,Phishing
Operational Risk,Cyber Security,Phishing
Operational Risk,Cyber Security,Phishing
Operational Risk,Cyber Security,Phishing
Operational Risk,Cyber Security,Phishing
Operational Risk,Cyber Security,Phishing
Operational Risk,Cyber Security,Phishing
Operational Risk,Cyber Security,Phishing
Operational Risk,Cyber Security,Phishing
Operational Risk,Cyber Security,Phishing
Operational Risk,Cyber Security,Phishing
Operational Risk,Cyber Security,Phishing
Operational Risk,Cyber Security,Phishing
Operational Risk,Cyber Security,Phishing
Operational Risk,Cyber Security,Phishing
Operational Risk,Cyber Security,Phishing
Operational Risk,Cyber Security,Phishing
Operational Risk,Cyber Security,Phishing
Operational Risk,Cyber Security,Phishing
Operational Risk,Cyber Security,Phishing
Operational Risk,Cyber Security,Phishing
Operational Risk,Cyber Security,Phishing
Operational Risk,Cyber Security,Phishing
Operational Risk,Cyber Security,Ransomware
Operational Risk,Cyber Security,Ransomware
Operational Risk,Cyber Security,Ransomware
Operational Risk,Cyber Security,Ransomware
Operational Risk,Cyber Security,Ransomware
Operational Risk,Cyber Security,Ransomware
Operational Risk,Cyber Security,Ransomware
Operational Risk,Cyber Security,Ransomware
Operational Risk,Cyber Security,Ransomware
Operational Risk,Cyber Security,Ransomware
Operational Risk,Cyber Security,Ransomware
Operational Risk,Cyber Security,Ransomware
Operational Risk,Cyber Security,Ransomware
Operational Risk,Cyber Security,Ransomware
Operational Risk,Cyber Security,Ransomware
Operational Risk,Cyber Security,Ransomware
Operational Risk,Cyber Security,Ransomware
Operational Risk,Cyber Security,Ransomware
Operational Risk,People,"Health, Safety and Environment"
Operational Risk,People,"Health, Safety and Environment"
Operational Risk,People,"Health, Safety and Environment"
Operational Risk,People,"Health, Safety and Environment"
Operational Risk,People,"Health, Safety and Environment"
Operational Risk,Cyber Security,Ransomware
Operational Risk,Cyber Security,Ransomware
Operational Risk,Cyber Security,Ransomware
Operational Risk,Cyber Security,Ransomware
Operational Risk,Cyber Security,Ransomware
Operational Risk,Cyber Security,Ransomware
Operational Risk,Cyber Security,Ransomware
Operational Risk,Cyber Security,Ransomware
Operational Risk,Cyber Security,Ransomware
Operational Risk,Cyber Security,Ransomware
Operational Risk,Cyber Security,Ransomware
Operational Risk,Cyber Security,Ransomware
Operational Risk,Cyber Security,Ransomware
Operational Risk,Cyber Security,Ransomware
Operational Risk,Cyber Security,Ransomware
Operational Risk,Cyber Security,Ransomware
Operational Risk,Cyber Security,Ransomware
Operational Risk,Cyber Security,Ransomware
